Date.0,Nvidia,Date.1,Amazon,Date.2,ASML,Date.3,SK Hynix,Date.4,TSMC,Date.5,AMD,Date.6,Intel,Date.7,S&P500,Date.8,VIX
1/2/2025 16:00:00,138.31,1/2/2025 16:00:00,220.22,1/2/2025 16:00:00,700.42,1/2/2025 15:30:00,171200,1/2/2025 16:00:00,201.58,1/2/2025 16:00:00,120.63,1/2/2025 16:00:00,20.22,1/2/2025 16:00:00,5868.55,1/2/2025 15:16:00,17.93
1/3/2025 16:00:00,144.47,1/3/2025 16:00:00,224.19,1/3/2025 16:00:00,714.36,1/3/2025 15:30:00,181900,1/3/2025 16:00:00,208.61,1/3/2025 16:00:00,125.37,1/3/2025 16:00:00,20.56,1/3/2025 16:00:00,5942.47,1/3/2025 15:16:00,16.13
1/6/2025 16:00:00,149.43,1/6/2025 16:00:00,227.61,1/6/2025 16:00:00,768.51,1/6/2025 15:30:00,199800,1/6/2025 16:00:00,220.01,1/6/2025 16:00:00,129.55,1/6/2025 16:00:00,19.87,1/6/2025 16:00:00,5975.38,1/6/2025 15:16:00,16.04
1/7/2025 16:00:00,140.14,1/7/2025 16:00:00,222.11,1/7/2025 16:00:00,757.58,1/7/2025 15:30:00,195000,1/7/2025 16:00:00,211.42,1/7/2025 16:00:00,127.33,1/7/2025 16:00:00,20.01,1/7/2025 16:00:00,5909.03,1/7/2025 15:16:00,17.82
1/8/2025 16:00:00,140.11,1/8/2025 16:00:00,222.13,1/8/2025 16:00:00,743.98,1/8/2025 15:30:00,194700,1/8/2025 16:00:00,207.12,1/8/2025 16:00:00,121.84,1/8/2025 16:00:00,19.88,1/8/2025 16:00:00,5918.25,1/8/2025 15:16:00,17.7
1/10/2025 16:00:00,135.91,1/10/2025 16:00:00,218.94,1/10/2025 16:00:00,739.01,1/9/2025 15:30:00,205000,1/10/2025 16:00:00,208.37,1/10/2025 16:00:00,116.04,1/10/2025 16:00:00,19.15,1/10/2025 16:00:00,5827.04,1/10/2025 15:16:00,19.54
1/13/2025 16:00:00,133.23,1/13/2025 16:00:00,218.46,1/13/2025 16:00:00,727.41,1/10/2025 15:30:00,203500,1/13/2025 16:00:00,201.36,1/13/2025 16:00:00,117.32,1/13/2025 16:00:00,19.2,1/13/2025 16:00:00,5836.22,1/13/2025 15:16:00,19.19
1/14/2025 16:00:00,131.76,1/14/2025 16:00:00,217.76,1/14/2025 16:00:00,736.29,1/13/2025 15:30:00,194300,1/14/2025 16:00:00,201.45,1/14/2025 16:00:00,116.09,1/14/2025 16:00:00,19.2,1/14/2025 16:00:00,5842.91,1/14/2025 15:16:00,18.71
1/15/2025 16:00:00,136.24,1/15/2025 16:00:00,223.35,1/15/2025 16:00:00,726.3,1/14/2025 15:30:00,195000,1/15/2025 16:00:00,206.8,1/15/2025 16:00:00,119.96,1/15/2025 16:00:00,19.72,1/15/2025 16:00:00,5949.91,1/15/2025 15:16:00,16.12
1/16/2025 16:00:00,133.57,1/16/2025 16:00:00,220.66,1/16/2025 16:00:00,750.28,1/15/2025 15:30:00,198200,1/16/2025 16:00:00,214.79,1/16/2025 16:00:00,118.44,1/16/2025 16:00:00,19.67,1/16/2025 16:00:00,5937.34,1/16/2025 15:16:00,16.6
1/17/2025 16:00:00,137.71,1/17/2025 16:00:00,225.94,1/17/2025 16:00:00,756.33,1/16/2025 15:30:00,210000,1/17/2025 16:00:00,211.5,1/17/2025 16:00:00,121.46,1/17/2025 16:00:00,21.49,1/17/2025 16:00:00,5996.66,1/17/2025 15:16:00,15.97
1/21/2025 16:00:00,140.83,1/21/2025 16:00:00,230.71,1/21/2025 16:00:00,763,1/17/2025 15:30:00,214500,1/21/2025 16:00:00,218.7,1/21/2025 16:00:00,122.28,1/21/2025 16:00:00,21.77,1/21/2025 16:00:00,6049.24,1/21/2025 15:16:00,15.06
1/22/2025 16:00:00,147.07,1/22/2025 16:00:00,235.01,1/22/2025 16:00:00,766.71,1/20/2025 15:30:00,212000,1/22/2025 16:00:00,223.2,1/22/2025 16:00:00,123.75,1/22/2025 16:00:00,21.86,1/22/2025 16:00:00,6086.37,1/22/2025 15:16:00,15.1
1/23/2025 16:00:00,147.22,1/23/2025 16:00:00,235.42,1/23/2025 16:00:00,746.24,1/21/2025 15:30:00,218000,1/23/2025 16:00:00,224.62,1/23/2025 16:00:00,123.04,1/23/2025 16:00:00,21.57,1/23/2025 16:00:00,6118.71,1/23/2025 15:16:00,15.02
1/24/2025 16:00:00,142.62,1/24/2025 16:00:00,234.85,1/24/2025 16:00:00,732.25,1/22/2025 15:30:00,225500,1/24/2025 16:00:00,221.88,1/24/2025 16:00:00,122.84,1/24/2025 16:00:00,20.83,1/24/2025 16:00:00,6101.24,1/24/2025 15:16:00,14.85
1/27/2025 16:00:00,118.42,1/27/2025 16:00:00,235.42,1/27/2025 16:00:00,690.15,1/23/2025 15:30:00,219500,1/27/2025 16:00:00,192.31,1/27/2025 16:00:00,115.01,1/27/2025 16:00:00,20.29,1/27/2025 16:00:00,6012.28,1/27/2025 15:16:00,17.9
1/28/2025 16:00:00,128.99,1/28/2025 16:00:00,238.15,1/28/2025 16:00:00,683.35,1/24/2025 15:30:00,221000,1/28/2025 16:00:00,202.4,1/28/2025 16:00:00,114.17,1/28/2025 16:00:00,19.8,1/28/2025 16:00:00,6067.7,1/28/2025 15:16:00,16.41
1/29/2025 16:00:00,123.7,1/29/2025 16:00:00,237.07,1/29/2025 16:00:00,712.65,1/31/2025 15:30:00,199200,1/29/2025 16:00:00,202.33,1/29/2025 16:00:00,117.35,1/29/2025 16:00:00,19.75,1/29/2025 16:00:00,6039.31,1/29/2025 15:16:00,16.56
1/30/2025 16:00:00,124.65,1/30/2025 16:00:00,234.64,1/30/2025 16:00:00,736.99,2/3/2025 15:30:00,190900,1/30/2025 16:00:00,208.15,1/30/2025 16:00:00,118.86,1/30/2025 16:00:00,20.01,1/30/2025 16:00:00,6071.17,1/30/2025 15:16:00,15.84
1/31/2025 16:00:00,120.07,1/31/2025 16:00:00,237.68,1/31/2025 16:00:00,739.31,2/4/2025 15:30:00,191100,1/31/2025 16:00:00,209.32,1/31/2025 16:00:00,115.95,1/31/2025 16:00:00,19.43,1/31/2025 16:00:00,6040.53,1/31/2025 15:16:00,16.43
2/3/2025 16:00:00,116.66,2/3/2025 16:00:00,237.42,2/3/2025 16:00:00,731.06,2/5/2025 15:30:00,198800,2/3/2025 16:00:00,199.8,2/3/2025 16:00:00,114.27,2/3/2025 16:00:00,19.38,2/3/2025 16:00:00,5994.57,2/3/2025 15:16:00,18.62
2/4/2025 16:00:00,118.65,2/4/2025 16:00:00,242.06,2/4/2025 16:00:00,731.41,2/6/2025 15:30:00,203500,2/4/2025 16:00:00,204.05,2/4/2025 16:00:00,119.5,2/4/2025 16:00:00,19.29,2/4/2025 16:00:00,6037.88,2/4/2025 15:16:00,17.21
2/5/2025 16:00:00,124.83,2/5/2025 16:00:00,236.17,2/5/2025 16:00:00,742.59,2/7/2025 15:30:00,203000,2/5/2025 16:00:00,208.57,2/5/2025 16:00:00,112.01,2/5/2025 16:00:00,19.65,2/5/2025 16:00:00,6061.48,2/5/2025 15:16:00,15.77
2/6/2025 16:00:00,128.68,2/6/2025 16:00:00,238.83,2/6/2025 16:00:00,739.13,2/10/2025 15:30:00,198100,2/6/2025 16:00:00,210.5,2/6/2025 16:00:00,110.16,2/6/2025 16:00:00,19.38,2/6/2025 16:00:00,6083.57,2/6/2025 15:16:00,15.5
2/7/2025 16:00:00,129.84,2/7/2025 16:00:00,229.15,2/7/2025 16:00:00,727.7,2/11/2025 15:30:00,199700,2/7/2025 16:00:00,206.12,2/7/2025 16:00:00,107.56,2/7/2025 16:00:00,19.1,2/7/2025 16:00:00,6025.99,2/7/2025 15:16:00,16.54
2/10/2025 16:00:00,133.57,2/10/2025 16:00:00,233.14,2/10/2025 16:00:00,744.08,2/12/2025 15:30:00,198900,2/10/2025 16:00:00,207.95,2/10/2025 16:00:00,110.48,2/10/2025 16:00:00,19.77,2/10/2025 16:00:00,6066.44,2/10/2025 15:16:00,15.81
2/11/2025 16:00:00,132.8,2/11/2025 16:00:00,232.76,2/11/2025 16:00:00,752.98,2/13/2025 15:30:00,208500,2/11/2025 16:00:00,208.74,2/11/2025 16:00:00,111.1,2/11/2025 16:00:00,20.97,2/11/2025 16:00:00,6068.5,2/11/2025 15:16:00,16.02
2/12/2025 16:00:00,131.14,2/12/2025 16:00:00,228.93,2/12/2025 16:00:00,756.17,2/14/2025 15:30:00,210000,2/12/2025 16:00:00,206.38,2/12/2025 16:00:00,111.72,2/12/2025 16:00:00,22.48,2/12/2025 16:00:00,6051.97,2/12/2025 15:16:00,15.89
2/13/2025 16:00:00,135.29,2/13/2025 16:00:00,230.37,2/13/2025 16:00:00,776.99,2/17/2025 15:30:00,212000,2/13/2025 16:00:00,201.83,2/13/2025 16:00:00,111.81,2/13/2025 16:00:00,24.13,2/13/2025 16:00:00,6115.07,2/13/2025 15:16:00,15.1
2/14/2025 16:00:00,138.85,2/14/2025 16:00:00,228.68,2/14/2025 16:00:00,751.55,2/18/2025 15:30:00,210000,2/14/2025 16:00:00,203.9,2/14/2025 16:00:00,113.1,2/14/2025 16:00:00,23.6,2/14/2025 16:00:00,6114.63,2/14/2025 15:16:00,14.77
2/18/2025 16:00:00,139.4,2/18/2025 16:00:00,226.65,2/18/2025 16:00:00,744.22,2/19/2025 15:30:00,218500,2/18/2025 16:00:00,202.74,2/18/2025 16:00:00,114.28,2/18/2025 16:00:00,27.39,2/18/2025 16:00:00,6129.58,2/18/2025 15:16:00,15.35
2/19/2025 16:00:00,139.23,2/19/2025 16:00:00,226.63,2/19/2025 16:00:00,744.8,2/20/2025 15:30:00,212000,2/19/2025 16:00:00,200.95,2/19/2025 16:00:00,114.69,2/19/2025 16:00:00,25.72,2/19/2025 16:00:00,6144.15,2/19/2025 15:16:00,15.27
2/20/2025 16:00:00,140.11,2/20/2025 16:00:00,222.88,2/20/2025 16:00:00,743.09,2/21/2025 15:30:00,209500,2/20/2025 16:00:00,200.1,2/20/2025 16:00:00,114.17,2/20/2025 16:00:00,26.09,2/20/2025 16:00:00,6117.52,2/20/2025 15:16:00,15.66
2/21/2025 16:00:00,134.43,2/21/2025 16:00:00,216.58,2/21/2025 16:00:00,737.21,2/24/2025 15:30:00,205000,2/21/2025 16:00:00,198.24,2/21/2025 16:00:00,110.84,2/21/2025 16:00:00,24.87,2/21/2025 16:00:00,6013.13,2/21/2025 15:16:00,18.21
2/24/2025 16:00:00,130.28,2/24/2025 16:00:00,212.71,2/24/2025 16:00:00,735.96,2/25/2025 15:30:00,200500,2/24/2025 16:00:00,191.65,2/24/2025 16:00:00,108.11,2/24/2025 16:00:00,24.27,2/24/2025 16:00:00,5983.25,2/24/2025 15:16:00,18.98
2/25/2025 16:00:00,126.63,2/25/2025 16:00:00,212.8,2/25/2025 16:00:00,730.19,2/26/2025 15:30:00,203000,2/25/2025 16:00:00,189.37,2/25/2025 16:00:00,103.96,2/25/2025 16:00:00,22.99,2/25/2025 16:00:00,5955.25,2/25/2025 15:16:00,19.43
2/26/2025 16:00:00,131.28,2/26/2025 16:00:00,214.35,2/26/2025 16:00:00,746.93,2/27/2025 15:30:00,199200,2/26/2025 16:00:00,194.62,2/26/2025 16:00:00,104.74,2/26/2025 16:00:00,23.52,2/26/2025 16:00:00,5956.06,2/26/2025 15:16:00,19.1
2/27/2025 16:00:00,120.15,2/27/2025 16:00:00,208.74,2/27/2025 16:00:00,697.7,2/28/2025 15:30:00,190200,2/27/2025 16:00:00,181.09,2/27/2025 16:00:00,99.51,2/27/2025 16:00:00,23.09,2/27/2025 16:00:00,5861.57,2/27/2025 15:16:00,21.13
2/28/2025 16:00:00,124.92,2/28/2025 16:00:00,212.28,2/28/2025 16:00:00,709.08,3/4/2025 15:30:00,186100,2/28/2025 16:00:00,180.53,2/28/2025 16:00:00,99.86,2/28/2025 16:00:00,23.73,2/28/2025 16:00:00,5954.5,2/28/2025 15:16:00,19.63
3/3/2025 16:00:00,114.06,3/3/2025 16:00:00,205.02,3/3/2025 16:00:00,699.86,3/5/2025 15:30:00,193100,3/3/2025 16:00:00,172.97,3/3/2025 16:00:00,98.23,3/3/2025 16:00:00,22.74,3/3/2025 16:00:00,5849.72,3/3/2025 15:16:00,22.78
3/4/2025 16:00:00,115.99,3/4/2025 16:00:00,203.8,3/4/2025 16:00:00,708.22,3/6/2025 15:30:00,192400,3/4/2025 16:00:00,180,3/4/2025 16:00:00,100.75,3/4/2025 16:00:00,21.33,3/4/2025 16:00:00,5778.15,3/4/2025 15:16:00,23.51
3/5/2025 16:00:00,117.3,3/5/2025 16:00:00,208.36,3/5/2025 16:00:00,739.75,3/7/2025 15:30:00,192400,3/5/2025 16:00:00,184.28,3/5/2025 16:00:00,101.67,3/5/2025 16:00:00,20.81,3/5/2025 16:00:00,5842.63,3/5/2025 15:16:00,21.93
3/6/2025 16:00:00,110.57,3/6/2025 16:00:00,200.7,3/6/2025 16:00:00,714.84,3/10/2025 15:30:00,187900,3/6/2025 16:00:00,175.85,3/6/2025 16:00:00,98.85,3/6/2025 16:00:00,20.75,3/6/2025 16:00:00,5738.52,3/6/2025 15:16:00,24.87
3/7/2025 16:00:00,112.69,3/7/2025 16:00:00,199.25,3/7/2025 16:00:00,732.22,3/11/2025 15:30:00,187800,3/7/2025 16:00:00,177.1,3/7/2025 16:00:00,100.31,3/7/2025 16:00:00,20.64,3/7/2025 16:00:00,5770.2,3/7/2025 15:16:00,23.37
3/10/2025 16:00:00,106.98,3/10/2025 16:00:00,194.54,3/10/2025 16:00:00,683.11,3/12/2025 15:30:00,198900,3/10/2025 16:00:00,170.65,3/10/2025 16:00:00,96.63,3/10/2025 16:00:00,19.93,3/10/2025 16:00:00,5614.56,3/10/2025 15:16:00,27.86
3/11/2025 16:00:00,108.76,3/11/2025 16:00:00,196.59,3/11/2025 16:00:00,690.21,3/13/2025 15:30:00,199700,3/11/2025 16:00:00,170.97,3/11/2025 16:00:00,96.76,3/11/2025 16:00:00,19.78,3/11/2025 16:00:00,5572.07,3/11/2025 15:16:00,26.92
3/12/2025 16:00:00,115.74,3/12/2025 16:00:00,198.89,3/12/2025 16:00:00,703.37,3/14/2025 15:30:00,204500,3/12/2025 16:00:00,177.17,3/12/2025 16:00:00,100.79,3/12/2025 16:00:00,20.68,3/12/2025 16:00:00,5599.3,3/12/2025 15:16:00,24.23
3/13/2025 16:00:00,115.58,3/13/2025 16:00:00,193.89,3/13/2025 16:00:00,694.59,3/17/2025 15:30:00,206000,3/13/2025 16:00:00,171.59,3/13/2025 16:00:00,98.11,3/13/2025 16:00:00,23.7,3/13/2025 16:00:00,5521.52,3/13/2025 15:16:00,24.66
3/14/2025 16:00:00,121.67,3/14/2025 16:00:00,197.95,3/14/2025 16:00:00,714,3/18/2025 15:30:00,203000,3/14/2025 16:00:00,174.09,3/14/2025 16:00:00,100.97,3/14/2025 16:00:00,24.05,3/14/2025 16:00:00,5638.94,3/14/2025 15:16:00,21.77
3/17/2025 16:00:00,119.53,3/17/2025 16:00:00,195.74,3/17/2025 16:00:00,730.33,3/19/2025 15:30:00,205500,3/17/2025 16:00:00,176.24,3/17/2025 16:00:00,104.59,3/17/2025 16:00:00,25.69,3/17/2025 16:00:00,5675.12,3/17/2025 15:16:00,20.51
3/18/2025 16:00:00,115.43,3/18/2025 16:00:00,192.82,3/18/2025 16:00:00,731.11,3/20/2025 15:30:00,210000,3/18/2025 16:00:00,173.13,3/18/2025 16:00:00,103.51,3/18/2025 16:00:00,25.92,3/18/2025 16:00:00,5614.66,3/18/2025 15:16:00,21.7
3/19/2025 16:00:00,117.52,3/19/2025 16:00:00,195.54,3/19/2025 16:00:00,734.91,3/21/2025 15:30:00,215500,3/19/2025 16:00:00,173.76,3/19/2025 16:00:00,106.23,3/19/2025 16:00:00,24.12,3/19/2025 16:00:00,5675.29,3/19/2025 15:16:00,19.9
3/20/2025 16:00:00,118.53,3/20/2025 16:00:00,194.95,3/20/2025 16:00:00,734.06,3/24/2025 15:30:00,211500,3/20/2025 16:00:00,177.47,3/20/2025 16:00:00,107.14,3/20/2025 16:00:00,23.96,3/20/2025 16:00:00,5662.89,3/20/2025 15:16:00,19.8
3/21/2025 16:00:00,117.7,3/21/2025 16:00:00,196.21,3/21/2025 16:00:00,716.22,3/25/2025 15:30:00,208000,3/21/2025 16:00:00,176.73,3/21/2025 16:00:00,106.44,3/21/2025 16:00:00,24.26,3/21/2025 16:00:00,5667.56,3/21/2025 15:16:00,19.28
3/24/2025 16:00:00,121.41,3/24/2025 16:00:00,203.26,3/24/2025 16:00:00,727.84,3/26/2025 15:30:00,214000,3/24/2025 16:00:00,181.16,3/24/2025 16:00:00,113.85,3/24/2025 16:00:00,24.22,3/24/2025 16:00:00,5767.57,3/24/2025 15:16:00,17.48
3/25/2025 16:00:00,120.69,3/25/2025 16:00:00,205.71,3/25/2025 16:00:00,726.74,3/27/2025 15:30:00,207000,3/25/2025 16:00:00,180.9,3/25/2025 16:00:00,114.81,3/25/2025 16:00:00,24.2,3/25/2025 16:00:00,5776.65,3/25/2025 15:16:00,17.15
3/26/2025 16:00:00,113.76,3/26/2025 16:00:00,201.13,3/26/2025 16:00:00,705.76,3/28/2025 15:30:00,199300,3/26/2025 16:00:00,173.5,3/26/2025 16:00:00,110.19,3/26/2025 16:00:00,23.42,3/26/2025 16:00:00,5712.2,3/26/2025 15:16:00,18.33
3/27/2025 16:00:00,111.43,3/27/2025 16:00:00,201.36,3/27/2025 16:00:00,690.63,3/31/2025 15:30:00,190700,3/27/2025 16:00:00,168.24,3/27/2025 16:00:00,106.65,3/27/2025 16:00:00,23.62,3/27/2025 16:00:00,5693.31,3/27/2025 15:16:00,18.69
3/28/2025 16:00:00,109.67,3/28/2025 16:00:00,192.72,3/28/2025 16:00:00,674.58,4/1/2025 15:30:00,197000,3/28/2025 16:00:00,165.25,3/28/2025 16:00:00,103.22,3/28/2025 16:00:00,22.71,3/28/2025 16:00:00,5580.94,3/28/2025 15:16:00,21.65
3/31/2025 16:00:00,108.38,3/31/2025 16:00:00,190.26,3/31/2025 16:00:00,662.63,4/2/2025 15:30:00,197900,3/31/2025 16:00:00,166,3/31/2025 16:00:00,102.74,3/31/2025 16:00:00,22.71,3/31/2025 16:00:00,5611.85,3/31/2025 15:16:00,22.28
4/1/2025 16:00:00,110.15,4/1/2025 16:00:00,192.17,4/1/2025 16:00:00,667.34,4/3/2025 15:30:00,194600,4/1/2025 16:00:00,168.64,4/1/2025 16:00:00,102.78,4/1/2025 16:00:00,22.05,4/1/2025 16:00:00,5633.07,4/1/2025 15:16:00,21.77
4/2/2025 16:00:00,110.42,4/2/2025 16:00:00,196.01,4/2/2025 16:00:00,669.01,4/4/2025 15:30:00,182200,4/2/2025 16:00:00,170.39,4/2/2025 16:00:00,102.96,4/2/2025 16:00:00,21.98,4/2/2025 16:00:00,5670.97,4/2/2025 15:16:00,21.51
4/3/2025 16:00:00,101.8,4/3/2025 16:00:00,178.41,4/3/2025 16:00:00,623.22,4/7/2025 15:30:00,164800,4/3/2025 16:00:00,157.38,4/3/2025 16:00:00,93.8,4/3/2025 16:00:00,22.43,4/3/2025 16:00:00,5396.52,4/3/2025 15:16:00,30.02
4/4/2025 16:00:00,94.31,4/4/2025 16:00:00,171,4/4/2025 16:00:00,605.55,4/8/2025 15:30:00,169500,4/4/2025 16:00:00,146.8,4/4/2025 16:00:00,85.76,4/4/2025 16:00:00,19.85,4/4/2025 16:00:00,5074.08,4/4/2025 15:16:00,45.31
4/7/2025 16:00:00,97.64,4/7/2025 16:00:00,175.26,4/7/2025 16:00:00,615.84,4/9/2025 15:30:00,165000,4/7/2025 16:00:00,146.17,4/7/2025 16:00:00,83.64,4/7/2025 16:00:00,19.57,4/7/2025 16:00:00,5062.25,4/7/2025 15:16:00,46.98
4/8/2025 16:00:00,96.3,4/8/2025 16:00:00,170.66,4/8/2025 16:00:00,595.37,4/10/2025 15:30:00,183200,4/8/2025 16:00:00,141.37,4/8/2025 16:00:00,78.21,4/8/2025 16:00:00,18.13,4/8/2025 16:00:00,4982.77,4/8/2025 15:16:00,52.33
4/9/2025 16:00:00,114.33,4/9/2025 16:00:00,191.1,4/9/2025 16:00:00,687.26,4/11/2025 15:30:00,180800,4/9/2025 16:00:00,158.75,4/9/2025 16:00:00,96.84,4/9/2025 16:00:00,21.53,4/9/2025 16:00:00,5456.9,4/9/2025 15:16:00,33.62
4/10/2025 16:00:00,107.57,4/10/2025 16:00:00,181.22,4/10/2025 16:00:00,649.55,4/14/2025 15:30:00,180200,4/10/2025 16:00:00,151.13,4/10/2025 16:00:00,88.7,4/10/2025 16:00:00,19.88,4/10/2025 16:00:00,5268.05,4/10/2025 15:16:00,40.72
4/11/2025 16:00:00,110.93,4/11/2025 16:00:00,184.87,4/11/2025 16:00:00,668.81,4/15/2025 15:30:00,180600,4/11/2025 16:00:00,157.08,4/11/2025 16:00:00,93.4,4/11/2025 16:00:00,19.74,4/11/2025 16:00:00,5363.36,4/11/2025 15:16:00,37.56
4/14/2025 16:00:00,110.71,4/14/2025 16:00:00,182.12,4/14/2025 16:00:00,672.87,4/16/2025 15:30:00,174000,4/14/2025 16:00:00,155.84,4/14/2025 16:00:00,94.5,4/14/2025 16:00:00,20.31,4/14/2025 16:00:00,5405.97,4/14/2025 15:16:00,30.89
4/15/2025 16:00:00,112.2,4/15/2025 16:00:00,179.59,4/15/2025 16:00:00,683.16,4/17/2025 15:30:00,175000,4/15/2025 16:00:00,157.33,4/15/2025 16:00:00,95.29,4/15/2025 16:00:00,19.85,4/15/2025 16:00:00,5396.63,4/15/2025 15:16:00,30.12
4/16/2025 16:00:00,104.49,4/16/2025 16:00:00,174.33,4/16/2025 16:00:00,634.93,4/18/2025 15:30:00,175000,4/16/2025 16:00:00,151.67,4/16/2025 16:00:00,88.29,4/16/2025 16:00:00,19.23,4/16/2025 16:00:00,5275.7,4/16/2025 15:16:00,32.64
4/17/2025 16:00:00,101.49,4/17/2025 16:00:00,172.61,4/17/2025 16:00:00,640.16,4/21/2025 15:30:00,176600,4/17/2025 16:00:00,151.74,4/17/2025 16:00:00,87.5,4/17/2025 16:00:00,18.93,4/17/2025 16:00:00,5282.7,4/17/2025 15:16:00,29.65
4/21/2025 16:00:00,96.91,4/21/2025 16:00:00,167.32,4/21/2025 16:00:00,624.69,4/22/2025 15:30:00,173800,4/21/2025 16:00:00,147.86,4/21/2025 16:00:00,85.56,4/21/2025 16:00:00,18.84,4/21/2025 16:00:00,5158.2,4/21/2025 15:16:00,33.82
4/22/2025 16:00:00,98.89,4/22/2025 16:00:00,173.18,4/22/2025 16:00:00,638.69,4/23/2025 15:30:00,181000,4/22/2025 16:00:00,151.4,4/22/2025 16:00:00,86.26,4/22/2025 16:00:00,19.51,4/22/2025 16:00:00,5287.76,4/22/2025 15:16:00,30.57
4/23/2025 16:00:00,102.71,4/23/2025 16:00:00,180.6,4/23/2025 16:00:00,657.98,4/24/2025 15:30:00,178300,4/23/2025 16:00:00,157.81,4/23/2025 16:00:00,90.39,4/23/2025 16:00:00,20.59,4/23/2025 16:00:00,5375.86,4/23/2025 15:16:00,28.45
4/24/2025 16:00:00,106.43,4/24/2025 16:00:00,186.54,4/24/2025 16:00:00,675,4/25/2025 15:30:00,184400,4/24/2025 16:00:00,164.18,4/24/2025 16:00:00,94.47,4/24/2025 16:00:00,21.49,4/24/2025 16:00:00,5484.77,4/24/2025 15:16:00,26.47
4/25/2025 16:00:00,111.01,4/25/2025 16:00:00,188.99,4/25/2025 16:00:00,677.27,4/28/2025 15:30:00,182000,4/25/2025 16:00:00,165.1,4/25/2025 16:00:00,96.65,4/25/2025 16:00:00,20.05,4/25/2025 16:00:00,5525.21,4/25/2025 15:16:00,24.84
4/28/2025 16:00:00,108.73,4/28/2025 16:00:00,187.7,4/28/2025 16:00:00,672.76,4/29/2025 15:30:00,180800,4/28/2025 16:00:00,163.4,4/28/2025 16:00:00,96.39,4/28/2025 16:00:00,20.51,4/28/2025 16:00:00,5528.75,4/28/2025 15:16:00,25.15
4/29/2025 16:00:00,109.02,4/29/2025 16:00:00,187.39,4/29/2025 16:00:00,666.11,4/30/2025 15:30:00,177500,4/29/2025 16:00:00,164.48,4/29/2025 16:00:00,96.06,4/29/2025 16:00:00,20.34,4/29/2025 16:00:00,5560.83,4/29/2025 15:16:00,24.17
4/30/2025 16:00:00,108.92,4/30/2025 16:00:00,184.42,4/30/2025 16:00:00,668.08,5/2/2025 15:30:00,186000,4/30/2025 16:00:00,166.69,4/30/2025 16:00:00,97.35,4/30/2025 16:00:00,20.1,4/30/2025 16:00:00,5569.06,4/30/2025 15:16:00,24.7
5/1/2025 16:00:00,111.61,5/1/2025 16:00:00,190.2,5/1/2025 16:00:00,666.72,5/7/2025 15:30:00,190800,5/1/2025 16:00:00,172.72,5/1/2025 16:00:00,96.65,5/1/2025 16:00:00,19.98,5/1/2025 16:00:00,5604.14,5/1/2025 15:16:00,24.6
5/2/2025 16:00:00,114.5,5/2/2025 16:00:00,189.98,5/2/2025 16:00:00,690.33,5/8/2025 15:30:00,190300,5/2/2025 16:00:00,179.28,5/2/2025 16:00:00,98.8,5/2/2025 16:00:00,20.62,5/2/2025 16:00:00,5686.67,5/2/2025 15:16:00,22.68
5/5/2025 16:00:00,113.82,5/5/2025 16:00:00,186.35,5/5/2025 16:00:00,683.36,5/9/2025 15:30:00,190100,5/5/2025 16:00:00,176.4,5/5/2025 16:00:00,100.59,5/5/2025 16:00:00,20.27,5/5/2025 16:00:00,5650.38,5/5/2025 15:16:00,23.64
5/6/2025 16:00:00,113.54,5/6/2025 16:00:00,185.01,5/6/2025 16:00:00,679.99,5/12/2025 15:30:00,195000,5/6/2025 16:00:00,172.28,5/6/2025 16:00:00,98.62,5/6/2025 16:00:00,19.94,5/6/2025 16:00:00,5606.91,5/6/2025 15:16:00,24.76
5/7/2025 16:00:00,117.06,5/7/2025 16:00:00,188.71,5/7/2025 16:00:00,700.39,5/13/2025 15:30:00,198500,5/7/2025 16:00:00,174.54,5/7/2025 16:00:00,100.36,5/7/2025 16:00:00,20.31,5/7/2025 16:00:00,5631.28,5/7/2025 15:16:00,23.55
5/8/2025 16:00:00,117.37,5/8/2025 16:00:00,192.08,5/8/2025 16:00:00,708.03,5/14/2025 15:30:00,206000,5/8/2025 16:00:00,175.22,5/8/2025 16:00:00,101.7,5/8/2025 16:00:00,21,5/8/2025 16:00:00,5663.94,5/8/2025 15:16:00,22.48
5/9/2025 16:00:00,116.65,5/9/2025 16:00:00,193.06,5/9/2025 16:00:00,706.21,5/15/2025 15:30:00,200500,5/9/2025 16:00:00,176.52,5/9/2025 16:00:00,102.84,5/9/2025 16:00:00,21.42,5/9/2025 16:00:00,5659.91,5/9/2025 15:16:00,21.9
5/12/2025 16:00:00,123,5/12/2025 16:00:00,208.64,5/12/2025 16:00:00,750.2,5/16/2025 15:30:00,204500,5/12/2025 16:00:00,186.98,5/12/2025 16:00:00,108.12,5/12/2025 16:00:00,22.18,5/12/2025 16:00:00,5844.19,5/12/2025 15:16:00,18.39
5/13/2025 16:00:00,129.93,5/13/2025 16:00:00,211.37,5/13/2025 16:00:00,763.9,5/19/2025 15:30:00,199400,5/13/2025 16:00:00,193.99,5/13/2025 16:00:00,112.46,5/13/2025 16:00:00,22.56,5/13/2025 16:00:00,5886.55,5/13/2025 15:16:00,18.22
5/14/2025 16:00:00,135.34,5/14/2025 16:00:00,210.25,5/14/2025 16:00:00,768.91,5/20/2025 15:30:00,202000,5/14/2025 16:00:00,194.76,5/14/2025 16:00:00,117.72,5/14/2025 16:00:00,21.52,5/14/2025 16:00:00,5892.58,5/14/2025 15:16:00,18.62
5/15/2025 16:00:00,134.83,5/15/2025 16:00:00,205.17,5/15/2025 16:00:00,758.36,5/21/2025 15:30:00,200500,5/15/2025 16:00:00,194.22,5/15/2025 16:00:00,114.99,5/15/2025 16:00:00,21.55,5/15/2025 16:00:00,5916.93,5/15/2025 15:16:00,17.83
5/16/2025 16:00:00,135.4,5/16/2025 16:00:00,205.59,5/16/2025 16:00:00,748.1,5/22/2025 15:30:00,196900,5/16/2025 16:00:00,194.22,5/16/2025 16:00:00,117.17,5/16/2025 16:00:00,21.66,5/16/2025 16:00:00,5958.38,5/16/2025 15:16:00,17.24
5/19/2025 16:00:00,135.57,5/19/2025 16:00:00,206.16,5/19/2025 16:00:00,749.13,5/23/2025 15:30:00,200000,5/19/2025 16:00:00,193.5,5/19/2025 16:00:00,114.74,5/19/2025 16:00:00,21.38,5/19/2025 16:00:00,5963.6,5/19/2025 15:16:00,18.14
5/20/2025 16:00:00,134.38,5/20/2025 16:00:00,204.07,5/20/2025 16:00:00,748.76,5/26/2025 15:30:00,203000,5/20/2025 16:00:00,193.45,5/20/2025 16:00:00,113.51,5/20/2025 16:00:00,21.27,5/20/2025 16:00:00,5940.46,5/20/2025 15:16:00,18.09
5/21/2025 16:00:00,131.8,5/21/2025 16:00:00,201.12,5/21/2025 16:00:00,737.17,5/27/2025 15:30:00,202500,5/21/2025 16:00:00,191.76,5/21/2025 16:00:00,112.06,5/21/2025 16:00:00,20.69,5/21/2025 16:00:00,5844.61,5/21/2025 15:16:00,20.87
5/22/2025 16:00:00,131.8,5/22/2025 16:00:00,201.12,5/22/2025 16:00:00,737.17,5/28/2025 15:30:00,208000,5/22/2025 16:00:00,196.19,5/22/2025 16:00:00,112.06,5/22/2025 16:00:00,20.69,5/22/2025 16:00:00,5842.01,5/22/2025 15:16:00,20.28
5/23/2025 16:00:00,131.29,5/23/2025 16:00:00,200.99,5/23/2025 16:00:00,732.49,5/29/2025 15:30:00,212000,5/23/2025 16:00:00,191.98,5/23/2025 16:00:00,110.31,5/23/2025 16:00:00,20.05,5/23/2025 16:00:00,5802.82,5/23/2025 15:16:00,22.29
5/27/2025 16:00:00,135.5,5/27/2025 16:00:00,206.02,5/27/2025 16:00:00,756.79,5/30/2025 15:30:00,204500,5/27/2025 16:00:00,197.68,5/27/2025 16:00:00,114.56,5/27/2025 16:00:00,20.55,5/27/2025 16:00:00,5921.54,5/27/2025 15:16:00,18.96
5/28/2025 16:00:00,134.81,5/28/2025 16:00:00,204.72,5/28/2025 16:00:00,746.51,6/2/2025 15:30:00,207500,5/28/2025 16:00:00,196.14,5/28/2025 16:00:00,112.86,5/28/2025 16:00:00,20.37,5/28/2025 16:00:00,5888.55,5/28/2025 15:16:00,19.31
5/29/2025 16:00:00,139.19,5/29/2025 16:00:00,205.7,5/29/2025 16:00:00,747.07,6/4/2025 15:30:00,217500,5/29/2025 16:00:00,197.15,5/29/2025 16:00:00,113.03,5/29/2025 16:00:00,20.25,5/29/2025 16:00:00,5912.17,5/29/2025 15:16:00,19.18
5/30/2025 16:00:00,135.13,5/30/2025 16:00:00,205.01,5/30/2025 16:00:00,736.77,6/5/2025 15:30:00,224500,5/30/2025 16:00:00,193.32,5/30/2025 16:00:00,110.73,5/30/2025 16:00:00,19.55,5/30/2025 16:00:00,5911.69,5/30/2025 15:16:00,18.57
6/2/2025 16:00:00,137.38,6/2/2025 16:00:00,206.65,6/2/2025 16:00:00,746.53,6/9/2025 15:30:00,229000,6/2/2025 16:00:00,194.84,6/2/2025 16:00:00,114.63,6/2/2025 16:00:00,19.74,6/2/2025 16:00:00,5935.94,6/2/2025 15:16:00,18.36
6/3/2025 16:00:00,141.22,6/3/2025 16:00:00,205.71,6/3/2025 16:00:00,747.25,6/10/2025 15:30:00,230500,6/3/2025 16:00:00,197.61,6/3/2025 16:00:00,117.31,6/3/2025 16:00:00,20.29,6/3/2025 16:00:00,5970.37,6/3/2025 15:16:00,17.69
6/4/2025 16:00:00,141.92,6/4/2025 16:00:00,207.23,6/4/2025 16:00:00,742.78,6/11/2025 15:30:00,240000,6/4/2025 16:00:00,202.4,6/4/2025 16:00:00,118.58,6/4/2025 16:00:00,20.25,6/4/2025 16:00:00,5970.81,6/4/2025 15:16:00,17.61
6/5/2025 16:00:00,139.99,6/5/2025 16:00:00,207.91,6/5/2025 16:00:00,747.76,6/12/2025 15:30:00,235500,6/5/2025 16:00:00,203.34,6/5/2025 16:00:00,115.69,6/5/2025 16:00:00,19.99,6/5/2025 16:00:00,5939.3,6/5/2025 15:16:00,18.48
6/6/2025 16:00:00,141.72,6/6/2025 16:00:00,213.57,6/6/2025 16:00:00,753.02,6/13/2025 15:30:00,235500,6/6/2025 16:00:00,205.18,6/6/2025 16:00:00,116.19,6/6/2025 16:00:00,20.06,6/6/2025 16:00:00,6000.36,6/6/2025 15:16:00,16.77
6/9/2025 16:00:00,142.63,6/9/2025 16:00:00,216.98,6/9/2025 16:00:00,770.2,6/16/2025 15:30:00,248000,6/9/2025 16:00:00,207,6/9/2025 16:00:00,121.73,6/9/2025 16:00:00,20.48,6/9/2025 16:00:00,6005.88,6/9/2025 15:16:00,17.16
6/10/2025 16:00:00,143.96,6/10/2025 16:00:00,217.61,6/10/2025 16:00:00,784.97,6/17/2025 15:30:00,249000,6/10/2025 16:00:00,212.46,6/10/2025 16:00:00,123.24,6/10/2025 16:00:00,22.08,6/10/2025 16:00:00,6038.81,6/10/2025 15:16:00,16.95
6/11/2025 16:00:00,142.83,6/11/2025 16:00:00,213.2,6/11/2025 16:00:00,784.09,6/18/2025 15:30:00,246500,6/11/2025 16:00:00,214.1,6/11/2025 16:00:00,121.14,6/11/2025 16:00:00,20.68,6/11/2025 16:00:00,6022.24,6/11/2025 15:16:00,17.26
6/12/2025 16:00:00,145,6/12/2025 16:00:00,213.24,6/12/2025 16:00:00,786.21,6/19/2025 15:30:00,246000,6/12/2025 16:00:00,215.43,6/12/2025 16:00:00,118.5,6/12/2025 16:00:00,20.77,6/12/2025 16:00:00,6045.26,6/12/2025 15:16:00,18.02
6/13/2025 16:00:00,141.97,6/13/2025 16:00:00,212.1,6/13/2025 16:00:00,761,6/20/2025 15:30:00,257000,6/13/2025 16:00:00,211.1,6/13/2025 16:00:00,116.16,6/13/2025 16:00:00,20.14,6/13/2025 16:00:00,5976.97,6/13/2025 15:16:00,20.82
6/16/2025 16:00:00,144.69,6/16/2025 16:00:00,216.1,6/16/2025 16:00:00,775.23,6/23/2025 15:30:00,259500,6/16/2025 16:00:00,215.68,6/16/2025 16:00:00,126.39,6/16/2025 16:00:00,20.74,6/16/2025 16:00:00,6033.11,6/16/2025 15:16:00,19.11
6/17/2025 16:00:00,144.12,6/17/2025 16:00:00,214.82,6/17/2025 16:00:00,759.86,6/24/2025 15:30:00,278500,6/17/2025 16:00:00,213.9,6/17/2025 16:00:00,127.1,6/17/2025 16:00:00,20.8,6/17/2025 16:00:00,5982.72,6/17/2025 15:16:00,21.6
6/18/2025 16:00:00,145.48,6/18/2025 16:00:00,212.52,6/18/2025 16:00:00,761.64,6/25/2025 15:30:00,286000,6/18/2025 16:00:00,213.5,6/18/2025 16:00:00,126.79,6/18/2025 16:00:00,21.49,6/18/2025 16:00:00,5980.87,6/18/2025 15:16:00,20.14
6/20/2025 16:00:00,143.85,6/20/2025 16:00:00,209.69,6/20/2025 16:00:00,756.53,6/26/2025 15:30:00,293000,6/20/2025 16:00:00,209.51,6/20/2025 16:00:00,128.24,6/20/2025 16:00:00,21.08,6/20/2025 16:00:00,5967.84,6/20/2025 15:16:00,20.62
6/23/2025 16:00:00,144.17,6/23/2025 16:00:00,208.47,6/23/2025 16:00:00,779.72,6/27/2025 15:30:00,284000,6/23/2025 16:00:00,210.32,6/23/2025 16:00:00,129.58,6/23/2025 16:00:00,21.19,6/23/2025 16:00:00,6025.17,6/23/2025 15:16:00,19.83
6/24/2025 16:00:00,147.9,6/24/2025 16:00:00,212.77,6/24/2025 16:00:00,813.36,6/30/2025 15:30:00,292000,6/24/2025 16:00:00,220.09,6/24/2025 16:00:00,138.43,6/24/2025 16:00:00,22.55,6/24/2025 16:00:00,6092.18,6/24/2025 15:16:00,17.48
6/25/2025 16:00:00,154.31,6/25/2025 16:00:00,211.99,6/25/2025 16:00:00,815.24,7/1/2025 15:30:00,285500,6/25/2025 16:00:00,222.74,6/25/2025 16:00:00,143.4,6/25/2025 16:00:00,22.2,6/25/2025 16:00:00,6092.16,6/25/2025 15:16:00,16.76
6/26/2025 16:00:00,155.02,6/26/2025 16:00:00,217.12,6/26/2025 16:00:00,798.09,7/2/2025 15:30:00,279000,6/26/2025 16:00:00,224.01,6/26/2025 16:00:00,143.68,6/26/2025 16:00:00,22.5,6/26/2025 16:00:00,6141.02,6/26/2025 15:16:00,16.59
6/27/2025 16:00:00,157.75,6/27/2025 16:00:00,223.3,6/27/2025 16:00:00,795.95,7/3/2025 15:30:00,278500,6/27/2025 16:00:00,228.57,6/27/2025 16:00:00,143.81,6/27/2025 16:00:00,22.69,6/27/2025 16:00:00,6173.07,6/27/2025 15:16:00,16.32
6/30/2025 16:00:00,157.99,6/30/2025 16:00:00,219.39,6/30/2025 16:00:00,801.39,7/4/2025 15:30:00,270500,6/30/2025 16:00:00,226.49,6/30/2025 16:00:00,141.9,6/30/2025 16:00:00,22.4,6/30/2025 16:00:00,6204.95,6/30/2025 15:16:00,16.73
7/1/2025 16:00:00,153.3,7/1/2025 16:00:00,220.46,7/1/2025 16:00:00,790.47,7/7/2025 15:30:00,271000,7/1/2025 16:00:00,224.68,7/1/2025 16:00:00,136.11,7/1/2025 16:00:00,22.85,7/1/2025 16:00:00,6198.01,7/1/2025 15:16:00,16.83
7/2/2025 16:00:00,157.25,7/2/2025 16:00:00,219.92,7/2/2025 16:00:00,799.59,7/8/2025 15:30:00,282000,7/2/2025 16:00:00,233.6,7/2/2025 16:00:00,138.52,7/2/2025 16:00:00,21.88,7/2/2025 16:00:00,6227.42,7/2/2025 15:16:00,16.64
7/3/2025 13:05:00,159.34,7/3/2025 13:05:00,223.41,7/3/2025 13:05:00,794.5,7/9/2025 15:30:00,281000,7/3/2025 13:00:00,234.8,7/3/2025 13:05:00,137.91,7/3/2025 13:05:00,22.49,7/3/2025 13:00:00,6279.35,7/3/2025 13:00:00,16.38
7/7/2025 16:00:00,158.24,7/7/2025 16:00:00,223.47,7/7/2025 16:00:00,785.09,7/10/2025 15:30:00,297000,7/7/2025 16:00:00,229.17,7/7/2025 16:00:00,134.8,7/7/2025 16:00:00,22,7/7/2025 16:00:00,6229.98,7/7/2025 15:16:00,17.79
7/8/2025 16:00:00,160,7/8/2025 16:00:00,219.36,7/8/2025 16:00:00,794.1,7/11/2025 15:30:00,294500,7/8/2025 16:00:00,227.86,7/8/2025 16:00:00,137.82,7/8/2025 16:00:00,23.59,7/8/2025 16:00:00,6225.52,7/8/2025 15:16:00,16.81
7/9/2025 16:00:00,162.88,7/9/2025 16:00:00,222.54,7/9/2025 16:00:00,799.83,7/14/2025 15:30:00,300000,7/9/2025 16:00:00,231.84,7/9/2025 16:00:00,138.41,7/9/2025 16:00:00,23.44,7/9/2025 16:00:00,6263.26,7/9/2025 15:16:00,15.94
7/10/2025 16:00:00,164.1,7/10/2025 16:00:00,222.26,7/10/2025 16:00:00,802.09,7/15/2025 15:30:00,298500,7/10/2025 16:00:00,229.76,7/10/2025 16:00:00,144.16,7/10/2025 16:00:00,23.82,7/10/2025 16:00:00,6280.46,7/10/2025 15:16:00,15.78
7/11/2025 16:00:00,164.92,7/11/2025 16:00:00,225.02,7/11/2025 16:00:00,801.93,7/16/2025 15:30:00,296000,7/11/2025 16:00:00,230.4,7/11/2025 16:00:00,146.42,7/11/2025 16:00:00,23.43,7/11/2025 16:00:00,6259.75,7/11/2025 15:16:00,16.4
7/14/2025 16:00:00,164.07,7/14/2025 16:00:00,225.69,7/14/2025 16:00:00,806.73,7/17/2025 15:30:00,269500,7/14/2025 16:00:00,228.67,7/14/2025 16:00:00,146.24,7/14/2025 16:00:00,23.3,7/14/2025 16:00:00,6268.56,7/14/2025 15:16:00,17.2
7/15/2025 16:00:00,170.7,7/15/2025 16:00:00,226.35,7/15/2025 16:00:00,823.02,7/18/2025 15:30:00,269000,7/15/2025 16:00:00,236.95,7/15/2025 16:00:00,155.61,7/15/2025 16:00:00,22.92,7/15/2025 16:00:00,6243.76,7/15/2025 15:16:00,17.38
7/16/2025 16:00:00,171.37,7/16/2025 16:00:00,223.19,7/16/2025 16:00:00,754.45,7/21/2025 15:30:00,272500,7/16/2025 16:00:00,237.56,7/16/2025 16:00:00,160.08,7/16/2025 16:00:00,22.69,7/16/2025 16:00:00,6263.7,7/16/2025 15:16:00,17.16
7/17/2025 16:00:00,173,7/17/2025 16:00:00,223.88,7/17/2025 16:00:00,744.91,7/22/2025 15:30:00,268500,7/17/2025 16:00:00,245.6,7/17/2025 16:00:00,160.41,7/17/2025 16:00:00,22.8,7/17/2025 16:00:00,6297.36,7/17/2025 15:16:00,16.52
7/18/2025 16:00:00,172.41,7/18/2025 16:00:00,226.13,7/18/2025 16:00:00,734.58,7/23/2025 15:30:00,269000,7/18/2025 16:00:00,240.4,7/18/2025 16:00:00,156.99,7/18/2025 16:00:00,23.1,7/18/2025 16:00:00,6296.79,7/18/2025 15:16:00,16.41
7/21/2025 16:00:00,171.38,7/21/2025 16:00:00,229.3,7/21/2025 16:00:00,719.68,7/24/2025 15:30:00,269500,7/21/2025 16:00:00,238.85,7/21/2025 16:00:00,157,7/21/2025 16:00:00,23.26,7/21/2025 16:00:00,6305.6,7/21/2025 15:16:00,16.65
7/22/2025 16:00:00,167.03,7/22/2025 16:00:00,227.47,7/22/2025 16:00:00,705.48,7/25/2025 15:30:00,266000,7/22/2025 16:00:00,234.6,7/22/2025 16:00:00,154.72,7/22/2025 16:00:00,23.24,7/22/2025 16:00:00,6309.62,7/22/2025 15:16:00,16.5
7/23/2025 16:00:00,170.78,7/23/2025 16:00:00,228.29,7/23/2025 16:00:00,716.93,7/28/2025 15:30:00,262000,7/23/2025 16:00:00,240.33,7/23/2025 16:00:00,158.65,7/23/2025 16:00:00,23.49,7/23/2025 16:00:00,6358.91,7/23/2025 15:16:00,15.37
7/24/2025 16:00:00,173.74,7/24/2025 16:00:00,232.23,7/24/2025 16:00:00,725.08,7/29/2025 15:30:00,262500,7/24/2025 16:00:00,241.6,7/24/2025 16:00:00,162.12,7/24/2025 16:00:00,22.63,7/24/2025 16:00:00,6363.35,7/24/2025 15:16:00,15.39
7/25/2025 16:00:00,173.5,7/25/2025 16:00:00,231.44,7/25/2025 16:00:00,711.25,7/30/2025 15:30:00,263500,7/25/2025 16:00:00,245.6,7/25/2025 16:00:00,166.47,7/25/2025 16:00:00,20.7,7/25/2025 16:00:00,6388.64,7/25/2025 15:16:00,14.93
7/28/2025 16:00:00,176.75,7/28/2025 16:00:00,232.79,7/28/2025 16:00:00,729.99,7/31/2025 15:30:00,273500,7/28/2025 16:00:00,242.75,7/28/2025 16:00:00,173.66,7/28/2025 16:00:00,20.68,7/28/2025 16:00:00,6389.77,7/28/2025 15:16:00,15.03
7/29/2025 16:00:00,175.51,7/29/2025 16:00:00,231.01,7/29/2025 16:00:00,718.49,8/1/2025 15:30:00,258000,7/29/2025 16:00:00,241.33,7/29/2025 16:00:00,177.44,7/29/2025 16:00:00,20.41,7/29/2025 16:00:00,6370.86,7/29/2025 15:16:00,15.98
7/30/2025 16:00:00,179.27,7/30/2025 16:00:00,230.19,7/30/2025 16:00:00,721.45,8/4/2025 15:30:00,258000,7/30/2025 16:00:00,242.91,7/30/2025 16:00:00,179.51,7/30/2025 16:00:00,20.34,7/30/2025 16:00:00,6362.9,7/30/2025 15:16:00,15.48
7/31/2025 16:00:00,177.87,7/31/2025 16:00:00,234.11,7/31/2025 16:00:00,694.71,8/5/2025 15:30:00,263500,7/31/2025 16:00:00,241.62,7/31/2025 16:00:00,176.31,7/31/2025 16:00:00,19.8,7/31/2025 16:00:00,6339.39,7/31/2025 15:16:00,16.72
8/1/2025 16:00:00,173.72,8/1/2025 16:00:00,214.75,8/1/2025 16:00:00,689.82,8/6/2025 15:30:00,258500,8/1/2025 16:00:00,235.21,8/1/2025 16:00:00,171.7,8/1/2025 16:00:00,19.31,8/1/2025 16:00:00,6238.01,8/1/2025 15:16:00,20.38
8/4/2025 16:00:00,180,8/4/2025 16:00:00,211.65,8/4/2025 16:00:00,699.36,8/7/2025 15:30:00,262000,8/4/2025 16:00:00,239,8/4/2025 16:00:00,176.78,8/4/2025 16:00:00,19.5,8/4/2025 16:00:00,6329.94,8/4/2025 15:16:00,17.52
8/5/2025 16:00:00,178.26,8/5/2025 16:00:00,213.75,8/5/2025 16:00:00,689.63,8/8/2025 15:30:00,256500,8/5/2025 16:00:00,232.47,8/5/2025 16:00:00,174.31,8/5/2025 16:00:00,20.19,8/5/2025 16:00:00,6299.19,8/5/2025 15:16:00,17.85
8/6/2025 16:00:00,179.42,8/6/2025 16:00:00,222.31,8/6/2025 16:00:00,690.96,8/11/2025 15:30:00,267000,8/6/2025 16:00:00,231.37,8/6/2025 16:00:00,163.12,8/6/2025 16:00:00,20.41,8/6/2025 16:00:00,6345.06,8/6/2025 15:16:00,16.77
8/7/2025 16:00:00,180.77,8/7/2025 16:00:00,223.13,8/7/2025 16:00:00,713.12,8/12/2025 15:30:00,269000,8/7/2025 16:00:00,242.62,8/7/2025 16:00:00,172.4,8/7/2025 16:00:00,19.77,8/7/2025 16:00:00,6340,8/7/2025 15:16:00,16.57
8/8/2025 16:00:00,182.7,8/8/2025 16:00:00,222.69,8/8/2025 16:00:00,722.32,8/13/2025 15:30:00,278000,8/8/2025 16:00:00,241.83,8/8/2025 16:00:00,172.76,8/8/2025 16:00:00,19.95,8/8/2025 16:00:00,6389.45,8/8/2025 15:16:00,15.15
8/11/2025 16:00:00,182.06,8/11/2025 16:00:00,221.3,8/11/2025 16:00:00,721.31,8/14/2025 15:30:00,276500,8/11/2025 16:00:00,242.09,8/11/2025 16:00:00,172.28,8/11/2025 16:00:00,20.65,8/11/2025 16:00:00,6373.45,8/11/2025 15:16:00,16.25
8/12/2025 16:00:00,183.16,8/12/2025 16:00:00,221.47,8/12/2025 16:00:00,741.79,8/18/2025 15:30:00,267500,8/12/2025 16:00:00,244.29,8/12/2025 16:00:00,174.95,8/12/2025 16:00:00,21.81,8/12/2025 16:00:00,6445.76,8/12/2025 15:16:00,14.73
8/13/2025 16:00:00,181.59,8/13/2025 16:00:00,224.56,8/13/2025 16:00:00,755.57,8/19/2025 15:30:00,263000,8/13/2025 16:00:00,241.44,8/13/2025 16:00:00,184.42,8/13/2025 16:00:00,22.22,8/13/2025 16:00:00,6466.58,8/13/2025 15:16:00,14.49
8/14/2025 16:00:00,182.02,8/14/2025 16:00:00,230.98,8/14/2025 16:00:00,755.21,8/20/2025 15:30:00,255500,8/14/2025 16:00:00,241,8/14/2025 16:00:00,180.95,8/14/2025 16:00:00,23.86,8/14/2025 16:00:00,6468.54,8/14/2025 15:16:00,14.83
8/15/2025 16:00:00,180.45,8/15/2025 16:00:00,231.03,8/15/2025 16:00:00,742.16,8/21/2025 15:30:00,245000,8/15/2025 16:00:00,238.88,8/15/2025 16:00:00,177.51,8/15/2025 16:00:00,24.56,8/18/2025 16:00:00,6449.15,8/15/2025 15:16:00,15.09
8/18/2025 16:00:00,182.01,8/18/2025 16:00:00,231.49,8/18/2025 16:00:00,747.55,8/22/2025 15:30:00,251000,8/18/2025 16:00:00,241.41,8/18/2025 16:00:00,176.14,8/18/2025 16:00:00,23.66,8/19/2025 16:00:00,6411.37,8/18/2025 15:16:00,14.99
8/19/2025 16:00:00,175.64,8/19/2025 16:00:00,228.01,8/19/2025 16:00:00,743.61,8/25/2025 15:30:00,259500,8/19/2025 16:00:00,232.7,8/19/2025 16:00:00,166.55,8/19/2025 16:00:00,25.31,8/20/2025 16:00:00,6395.78,8/19/2025 15:16:00,15.57
8/20/2025 16:00:00,175.4,8/20/2025 16:00:00,223.81,8/20/2025 16:00:00,749.49,8/26/2025 15:30:00,261500,8/20/2025 16:00:00,228.6,8/20/2025 16:00:00,165.2,8/20/2025 16:00:00,23.54,8/21/2025 16:00:00,6370.17,8/20/2025 15:16:00,15.69
8/21/2025 16:00:00,174.98,8/21/2025 16:00:00,221.95,8/21/2025 16:00:00,735.4,8/27/2025 15:30:00,260000,8/21/2025 16:00:00,227.33,8/21/2025 16:00:00,163.71,8/21/2025 16:00:00,23.5,8/22/2025 16:00:00,6466.91,8/21/2025 15:16:00,16.6
8/22/2025 16:00:00,177.99,8/22/2025 16:00:00,228.84,8/22/2025 16:00:00,754.89,8/28/2025 15:30:00,268500,8/22/2025 16:00:00,232.99,8/22/2025 16:00:00,167.76,8/22/2025 16:00:00,24.8,8/25/2025 16:00:00,6439.32,8/22/2025 15:16:00,14.22
8/25/2025 16:00:00,179.81,8/25/2025 16:00:00,227.94,8/25/2025 16:00:00,754.46,8/29/2025 15:30:00,269000,8/25/2025 16:00:00,235.59,8/25/2025 16:00:00,163.36,8/25/2025 16:00:00,24.55,8/26/2025 16:00:00,6465.94,8/25/2025 15:16:00,14.79
8/26/2025 16:00:00,181.77,8/26/2025 16:00:00,228.71,8/26/2025 16:00:00,763.2,9/1/2025 15:30:00,256000,8/26/2025 16:00:00,238.72,8/26/2025 16:00:00,166.62,8/26/2025 16:00:00,24.35,8/27/2025 16:00:00,6481.4,8/26/2025 15:16:00,14.62
8/27/2025 16:00:00,181.6,8/27/2025 16:00:00,229.12,8/27/2025 16:00:00,770,9/2/2025 15:30:00,260500,8/27/2025 16:00:00,239.29,8/27/2025 16:00:00,167.13,8/27/2025 16:00:00,24.85,8/28/2025 16:00:00,6501.86,8/27/2025 15:16:00,14.85
8/28/2025 16:00:00,180.17,8/28/2025 16:00:00,231.6,8/28/2025 16:00:00,763.46,9/3/2025 15:30:00,262500,8/28/2025 16:00:00,238.27,8/28/2025 16:00:00,168.58,8/28/2025 16:00:00,24.93,8/29/2025 16:00:00,6460.26,8/28/2025 15:16:00,14.43
8/29/2025 16:00:00,174.18,8/29/2025 16:00:00,229,8/29/2025 16:00:00,742.62,9/4/2025 15:30:00,265500,8/29/2025 16:00:00,230.87,8/29/2025 16:00:00,162.63,8/29/2025 16:00:00,24.35,9/2/2025 16:00:00,6415.54,8/29/2025 15:16:00,15.36
9/2/2025 16:00:00,170.78,9/2/2025 16:00:00,225.34,9/2/2025 16:00:00,725.85,9/5/2025 15:30:00,273500,9/2/2025 16:00:00,228.39,9/2/2025 16:00:00,162.32,9/2/2025 16:00:00,24.21,9/3/2025 16:00:00,6448.26,9/2/2025 15:16:00,17.17
9/3/2025 16:00:00,170.62,9/3/2025 16:00:00,225.99,9/3/2025 16:00:00,736.82,9/8/2025 15:30:00,277000,9/3/2025 16:00:00,231.39,9/3/2025 16:00:00,162.13,9/3/2025 16:00:00,24,9/4/2025 16:00:00,6502.08,9/3/2025 15:16:00,16.35
9/4/2025 16:00:00,171.66,9/4/2025 16:00:00,235.68,9/4/2025 16:00:00,753.43,9/9/2025 15:30:00,288000,9/4/2025 16:00:00,235.21,9/4/2025 16:00:00,161.79,9/4/2025 16:00:00,24.61,9/5/2025 16:00:00,6481.5,9/4/2025 15:16:00,15.3
9/5/2025 16:00:00,167.02,9/5/2025 16:00:00,232.33,9/5/2025 16:00:00,781.7,9/10/2025 15:30:00,304000,9/5/2025 16:00:00,243.41,9/5/2025 16:00:00,151.14,9/5/2025 16:00:00,24.49,9/8/2025 16:00:00,6495.15,9/5/2025 15:16:00,15.18
9/8/2025 16:00:00,168.31,9/8/2025 16:00:00,235.84,9/8/2025 16:00:00,796.25,9/11/2025 15:30:00,307000,9/8/2025 16:00:00,247.19,9/8/2025 16:00:00,151.41,9/8/2025 16:00:00,24.48,9/9/2025 16:00:00,6512.61,9/8/2025 15:16:00,15.11
9/9/2025 16:00:00,170.76,9/9/2025 16:00:00,238.24,9/9/2025 16:00:00,805.13,9/12/2025 15:30:00,328500,9/9/2025 16:00:00,250.92,9/9/2025 16:00:00,155.82,9/9/2025 16:00:00,24.44,9/10/2025 16:00:00,6532.04,9/9/2025 15:16:00,15.04
9/10/2025 16:00:00,177.33,9/10/2025 16:00:00,230.33,9/10/2025 16:00:00,793.14,9/15/2025 15:30:00,331000,9/10/2025 16:00:00,260.44,9/10/2025 16:00:00,159.54,9/10/2025 16:00:00,24.77,9/11/2025 16:00:00,6587.47,9/10/2025 15:16:00,15.35
9/11/2025 16:00:00,177.17,9/11/2025 16:00:00,229.95,9/11/2025 16:00:00,804.16,9/16/2025 15:30:00,348000,9/11/2025 16:00:00,258.91,9/11/2025 16:00:00,155.67,9/11/2025 16:00:00,24.61,9/12/2025 16:00:00,6584.29,9/11/2025 15:16:00,14.71
9/12/2025 16:00:00,177.82,9/12/2025 16:00:00,228.15,9/12/2025 16:00:00,813.87,9/17/2025 15:30:00,333500,9/12/2025 16:00:00,259.33,9/12/2025 16:00:00,158.57,9/12/2025 16:00:00,24.08,9/15/2025 16:00:00,6615.28,9/12/2025 15:16:00,14.76
9/15/2025 16:00:00,177.75,9/15/2025 16:00:00,231.43,9/15/2025 16:00:00,867.3,9/18/2025 15:30:00,355500,9/15/2025 16:00:00,261.38,9/15/2025 16:00:00,161.16,9/15/2025 16:00:00,24.77,9/16/2025 16:00:00,6606.76,9/15/2025 15:16:00,15.69
9/16/2025 16:00:00,174.88,9/16/2025 16:00:00,234.05,9/16/2025 16:00:00,878.42,9/19/2025 15:30:00,353000,9/16/2025 16:00:00,262.06,9/16/2025 16:00:00,160.46,9/16/2025 16:00:00,25.27,9/17/2025 16:00:00,6600.35,9/16/2025 15:16:00,16.36
9/17/2025 16:00:00,170.29,9/17/2025 16:00:00,231.62,9/17/2025 16:00:00,872.27,9/22/2025 15:30:00,351000,9/17/2025 16:00:00,262.79,9/17/2025 16:00:00,159.16,9/17/2025 16:00:00,24.9,9/18/2025 16:00:00,6631.96,9/17/2025 15:16:00,15.72
9/18/2025 16:00:00,176.24,9/18/2025 16:00:00,231.23,9/18/2025 16:00:00,927.8,9/23/2025 15:30:00,361000,9/18/2025 16:00:00,268.64,9/18/2025 16:00:00,157.92,9/18/2025 16:00:00,30.57,9/19/2025 16:00:00,6664.36,9/18/2025 15:16:00,15.7
9/19/2025 16:00:00,176.67,9/19/2025 16:00:00,231.48,9/19/2025 16:00:00,932.15,9/24/2025 15:30:00,357500,9/19/2025 16:00:00,264.87,9/19/2025 16:00:00,157.39,9/19/2025 16:00:00,29.58,9/22/2025 16:00:00,6693.75,9/19/2025 15:16:00,15.45
9/22/2025 16:00:00,183.61,9/22/2025 16:00:00,227.63,9/22/2025 16:00:00,957.8,9/25/2025 15:30:00,356500,9/22/2025 16:00:00,272.63,9/22/2025 16:00:00,159.79,9/22/2025 16:00:00,28.76,9/23/2025 16:00:00,6656.92,9/22/2025 15:16:00,16.1
9/23/2025 16:00:00,178.43,9/23/2025 16:00:00,220.71,9/23/2025 16:00:00,963.51,9/26/2025 15:30:00,336500,9/23/2025 16:00:00,282.71,9/23/2025 16:00:00,160.9,9/23/2025 16:00:00,29.34,9/24/2025 16:00:00,6637.97,9/23/2025 15:16:00,16.64
9/24/2025 16:00:00,176.97,9/24/2025 16:00:00,220.71,9/24/2025 16:00:00,946.94,9/29/2025 15:30:00,349000,9/24/2025 16:00:00,280.71,9/24/2025 16:00:00,160.88,9/24/2025 16:00:00,31.22,9/25/2025 16:00:00,6604.72,9/25/2025 15:16:00,16.74
9/25/2025 16:00:00,177.69,9/26/2025 16:00:00,219.78,9/25/2025 16:00:00,949.55,9/30/2025 15:30:00,347500,9/25/2025 16:00:00,276.66,9/25/2025 16:00:00,161.27,9/25/2025 16:00:00,33.99,9/26/2025 16:00:00,6643.7,9/26/2025 15:16:00,15.29
9/26/2025 16:00:00,178.19,9/29/2025 16:00:00,222.17,9/26/2025 16:00:00,951.52,10/1/2025 15:30:00,360000,9/26/2025 16:00:00,273.36,9/26/2025 16:00:00,159.46,9/26/2025 16:00:00,35.5,9/29/2025 16:00:00,6661.21,9/29/2025 15:16:00,16.12
9/29/2025 16:00:00,181.85,9/30/2025 16:00:00,219.57,9/29/2025 16:00:00,962.61,10/2/2025 15:30:00,395500,9/29/2025 16:00:00,273.23,9/29/2025 16:00:00,161.36,9/29/2025 16:00:00,34.48,9/30/2025 16:00:00,6688.46,9/30/2025 15:16:00,16.28
9/30/2025 16:00:00,186.58,10/1/2025 16:00:00,220.63,9/30/2025 16:00:00,968.09,10/10/2025 15:30:00,428000,9/30/2025 16:00:00,279.29,9/30/2025 16:00:00,161.79,9/30/2025 16:00:00,33.55,10/1/2025 16:00:00,6711.2,10/1/2025 15:16:00,16.29
10/1/2025 16:00:00,187.24,10/2/2025 16:00:00,222.41,10/1/2025 16:00:00,1003.27,10/13/2025 15:30:00,415000,10/1/2025 16:00:00,288.47,10/1/2025 16:00:00,164.01,10/1/2025 16:00:00,35.94,10/2/2025 16:00:00,6715.35,10/2/2025 15:16:00,16.63
10/2/2025 16:00:00,188.89,10/3/2025 16:00:00,219.51,10/2/2025 16:00:00,1030.17,10/14/2025 15:30:00,411500,10/2/2025 16:00:00,288.11,10/2/2025 16:00:00,169.73,10/2/2025 16:00:00,37.3,10/3/2025 16:00:00,6715.79,10/3/2025 15:16:00,16.65
10/3/2025 16:00:00,187.62,10/6/2025 16:00:00,220.9,10/3/2025 16:00:00,1032.22,10/15/2025 15:30:00,422500,10/3/2025 16:00:00,292.19,10/3/2025 16:00:00,164.67,10/3/2025 16:00:00,36.83,10/6/2025 16:00:00,6740.28,10/6/2025 15:16:00,16.37
10/6/2025 16:00:00,185.54,10/7/2025 16:00:00,221.78,10/6/2025 16:00:00,1043.3,10/16/2025 15:30:00,452500,10/6/2025 16:00:00,302.4,10/6/2025 16:00:00,203.71,10/6/2025 16:00:00,36.59,10/7/2025 16:00:00,6714.59,10/7/2025 15:16:00,17.24
10/7/2025 16:00:00,185.04,10/8/2025 16:00:00,225.22,10/7/2025 16:00:00,1002.3,10/17/2025 15:30:00,465500,10/7/2025 16:00:00,294.03,10/7/2025 16:00:00,211.51,10/7/2025 16:00:00,37.17,10/8/2025 16:00:00,6753.72,10/8/2025 15:16:00,16.3
10/8/2025 16:00:00,189.11,10/9/2025 16:00:00,227.74,10/8/2025 16:00:00,987.81,10/20/2025 15:30:00,485500,10/8/2025 16:00:00,304.52,10/8/2025 16:00:00,235.56,10/8/2025 16:00:00,37.43,10/9/2025 16:00:00,6735.11,10/9/2025 15:16:00,16.43
10/9/2025 16:00:00,192.57,10/10/2025 16:00:00,216.37,10/9/2025 16:00:00,980.54,10/21/2025 15:30:00,479000,10/9/2025 16:00:00,299.88,10/9/2025 16:00:00,232.89,10/9/2025 16:00:00,37.8,10/10/2025 16:00:00,6552.51,10/10/2025 15:16:00,21.66
10/10/2025 16:00:00,183.16,10/13/2025 16:00:00,220.07,10/10/2025 16:00:00,936.19,10/22/2025 15:30:00,481500,10/10/2025 16:00:00,280.66,10/10/2025 16:00:00,214.9,10/10/2025 16:00:00,36.37,10/13/2025 16:00:00,6654.72,10/13/2025 15:16:00,19.03
10/13/2025 16:00:00,188.32,10/14/2025 16:00:00,216.39,10/13/2025 16:00:00,984.66,10/23/2025 15:30:00,478500,10/13/2025 16:00:00,302.89,10/13/2025 16:00:00,216.42,10/13/2025 16:00:00,37.22,10/14/2025 16:00:00,6644.31,10/14/2025 15:16:00,20.81
10/14/2025 16:00:00,180.03,10/15/2025 16:00:00,215.57,10/14/2025 16:00:00,983.18,10/24/2025 15:30:00,510000,10/14/2025 16:00:00,295.94,10/14/2025 16:00:00,218.09,10/14/2025 16:00:00,35.63,10/15/2025 16:00:00,6671.06,10/15/2025 15:16:00,20.64
10/15/2025 16:00:00,179.83,10/16/2025 16:00:00,214.47,10/15/2025 16:00:00,1009.81,10/27/2025 15:30:00,535000,10/15/2025 16:00:00,304.71,10/15/2025 16:00:00,238.6,10/15/2025 16:00:00,37.15,10/16/2025 16:00:00,6629.07,10/16/2025 15:16:00,25.31
10/16/2025 16:00:00,181.81,10/17/2025 16:00:00,213.04,10/16/2025 16:00:00,1019.59,10/28/2025 15:30:00,521000,10/16/2025 16:00:00,299.84,10/16/2025 16:00:00,234.56,10/16/2025 16:00:00,36.84,10/17/2025 16:00:00,6664.01,10/17/2025 15:16:00,20.78
10/17/2025 16:00:00,183.22,10/20/2025 16:00:00,216.48,10/17/2025 16:00:00,1029.27,10/29/2025 15:30:00,558000,10/17/2025 16:00:00,295.08,10/17/2025 16:00:00,233.08,10/17/2025 16:00:00,37.01,10/20/2025 16:00:00,6735.13,10/20/2025 15:16:00,18.23
10/20/2025 16:00:00,182.64,10/21/2025 16:00:00,222.03,10/20/2025 16:00:00,1042.15,10/30/2025 15:30:00,568000,10/20/2025 16:00:00,297.7,10/20/2025 16:00:00,240.56,10/20/2025 16:00:00,38.1,10/21/2025 16:00:00,6735.35,10/21/2025 15:16:00,17.87
10/21/2025 16:00:00,181.16,10/22/2025 16:00:00,217.95,10/21/2025 16:00:00,1025.02,10/31/2025 15:30:00,559000,10/21/2025 16:00:00,294.51,10/21/2025 16:00:00,238.03,10/21/2025 16:00:00,38.12,10/22/2025 16:00:00,6699.4,10/22/2025 15:16:00,18.6
10/22/2025 16:00:00,180.28,10/23/2025 16:00:00,221.09,10/22/2025 16:00:00,1011.57,11/3/2025 15:30:00,620000,10/22/2025 16:00:00,288.88,10/22/2025 16:00:00,230.23,10/22/2025 16:00:00,36.92,10/23/2025 16:00:00,6738.44,10/23/2025 15:16:00,17.3
10/23/2025 16:00:00,182.16,10/24/2025 16:00:00,224.21,10/23/2025 16:00:00,1036.41,11/4/2025 15:30:00,586000,10/23/2025 16:00:00,290.73,10/23/2025 16:00:00,234.99,10/23/2025 16:00:00,38.16,10/24/2025 16:00:00,6791.69,10/24/2025 15:16:00,16.37
10/24/2025 16:00:00,186.26,10/27/2025 16:00:00,226.97,10/24/2025 16:00:00,1033.1,11/5/2025 15:30:00,579000,10/24/2025 16:00:00,294.96,10/24/2025 16:00:00,252.92,10/24/2025 16:00:00,38.28,10/27/2025 16:00:00,6875.16,10/27/2025 15:16:00,15.79
10/27/2025 16:00:00,191.49,10/28/2025 16:00:00,229.25,10/27/2025 16:00:00,1059.98,11/6/2025 15:30:00,593000,10/27/2025 16:00:00,298.25,10/27/2025 16:00:00,259.67,10/27/2025 16:00:00,39.54,10/28/2025 16:00:00,6890.89,10/28/2025 15:16:00,16.42
10/28/2025 16:00:00,201.03,10/29/2025 16:00:00,230.3,10/28/2025 16:00:00,1052.48,11/7/2025 15:30:00,580000,10/28/2025 16:00:00,301.53,10/28/2025 16:00:00,258.01,10/28/2025 16:00:00,41.53,10/29/2025 16:00:00,6890.59,10/29/2025 15:16:00,16.92
10/29/2025 16:00:00,207.04,10/30/2025 16:00:00,222.86,10/29/2025 16:00:00,1070.84,11/10/2025 15:30:00,606000,10/29/2025 16:00:00,305.09,10/29/2025 16:00:00,264.33,10/29/2025 16:00:00,41.34,10/30/2025 16:00:00,6822.34,10/30/2025 15:16:00,16.91
10/30/2025 16:00:00,202.89,10/31/2025 16:00:00,244.22,10/30/2025 16:00:00,1075.45,11/11/2025 15:30:00,619000,10/30/2025 16:00:00,303.22,10/30/2025 16:00:00,254.84,10/30/2025 16:00:00,40.16,10/31/2025 16:00:00,6840.2,10/31/2025 15:16:00,17.44
10/31/2025 16:00:00,202.49,11/3/2025 16:00:00,254,10/31/2025 16:00:00,1059.23,11/12/2025 15:30:00,617000,10/31/2025 16:00:00,300.43,10/31/2025 16:00:00,256.12,10/31/2025 16:00:00,39.99,11/3/2025 16:00:00,6851.97,11/3/2025 15:16:00,17.17
11/3/2025 16:00:00,206.88,11/4/2025 16:00:00,249.32,11/3/2025 16:00:00,1066.82,11/13/2025 15:30:00,612000,11/3/2025 16:00:00,304.86,11/3/2025 16:00:00,259.65,11/3/2025 16:00:00,39.5,11/4/2025 16:00:00,6771.55,11/4/2025 15:16:00,19
11/4/2025 16:00:00,198.69,11/5/2025 16:00:00,250.2,11/4/2025 16:00:00,1030.14,11/14/2025 15:30:00,560000,11/4/2025 16:00:00,294.05,11/4/2025 16:00:00,250.05,11/4/2025 16:00:00,37.03,11/5/2025 16:00:00,6796.29,11/5/2025 15:16:00,18.01
11/5/2025 16:00:00,195.21,11/6/2025 16:00:00,243.04,11/5/2025 16:00:00,1043.75,11/17/2025 15:30:00,606000,11/5/2025 16:00:00,293.64,11/5/2025 16:00:00,256.33,11/5/2025 16:00:00,38.38,11/6/2025 16:00:00,6720.32,11/6/2025 15:16:00,19.5
11/6/2025 16:00:00,188.08,11/7/2025 16:00:00,244.41,11/6/2025 16:00:00,1029.2,11/18/2025 15:30:00,570000,11/6/2025 16:00:00,289.24,11/6/2025 16:00:00,237.7,11/6/2025 16:00:00,37.24,11/7/2025 16:00:00,6728.8,11/7/2025 15:16:00,19.08
11/7/2025 16:00:00,188.15,11/10/2025 16:00:00,248.4,11/7/2025 16:00:00,1016.96,11/19/2025 15:30:00,562000,11/7/2025 16:00:00,286.5,11/7/2025 16:00:00,233.54,11/7/2025 16:00:00,38.13,11/10/2025 16:00:00,6832.43,11/10/2025 15:16:00,17.6
11/10/2025 16:00:00,199.05,11/11/2025 16:00:00,249.1,11/10/2025 16:00:00,1038.79,11/20/2025 15:30:00,571000,11/10/2025 16:00:00,295.27,11/10/2025 16:00:00,243.98,11/10/2025 16:00:00,38.45,11/11/2025 16:00:00,6846.61,11/11/2025 15:16:00,17.28
11/11/2025 16:00:00,193.16,11/12/2025 16:00:00,244.2,11/11/2025 16:00:00,1022.42,11/21/2025 15:30:00,521000,11/11/2025 16:00:00,291.17,11/11/2025 16:00:00,237.52,11/11/2025 16:00:00,37.88,11/12/2025 16:00:00,6850.92,11/12/2025 15:16:00,17.51
11/12/2025 16:00:00,193.8,11/13/2025 16:00:00,237.58,11/12/2025 16:00:00,1037.33,11/24/2025 15:30:00,520000,11/12/2025 16:00:00,290.62,11/12/2025 16:00:00,258.89,11/12/2025 16:00:00,37.89,11/13/2025 16:00:00,6737.49,11/13/2025 15:16:00,20
11/13/2025 16:00:00,186.86,11/14/2025 16:00:00,234.69,11/13/2025 16:00:00,1019.86,11/25/2025 15:30:00,519000,11/13/2025 16:00:00,282.2,11/13/2025 16:00:00,247.96,11/13/2025 16:00:00,35.91,11/14/2025 16:00:00,6734.11,11/14/2025 15:16:00,19.83
11/14/2025 16:00:00,190.17,11/17/2025 16:00:00,232.87,11/14/2025 16:00:00,1006.98,11/26/2025 15:30:00,524000,11/14/2025 16:00:00,284.82,11/14/2025 16:00:00,246.81,11/14/2025 16:00:00,35.52,11/17/2025 16:00:00,6672.41,11/17/2025 15:16:00,22.38
11/17/2025 16:00:00,186.6,11/18/2025 16:00:00,222.55,11/17/2025 16:00:00,1020,11/27/2025 15:30:00,544000,11/17/2025 16:00:00,282.01,11/17/2025 16:00:00,240.52,11/17/2025 16:00:00,34.71,11/18/2025 16:00:00,6617.32,11/18/2025 15:16:00,24.69
11/18/2025 16:00:00,181.36,11/19/2025 16:00:00,222.69,11/18/2025 16:00:00,1004.06,11/28/2025 15:30:00,530000,11/18/2025 16:00:00,277.91,11/18/2025 16:00:00,230.29,11/18/2025 16:00:00,34.33,11/19/2025 16:00:00,6642.16,11/19/2025 15:16:00,23.66
11/19/2025 16:00:00,186.52,11/20/2025 16:00:00,217.14,11/19/2025 16:00:00,1039.33,12/1/2025 15:30:00,538000,11/19/2025 16:00:00,282.37,11/19/2025 16:00:00,223.55,11/19/2025 16:00:00,35.11,11/20/2025 16:00:00,6538.76,11/20/2025 15:16:00,26.42
11/20/2025 16:00:00,180.64,11/21/2025 16:00:00,220.69,11/20/2025 16:00:00,981.04,12/2/2025 15:30:00,558000,11/20/2025 16:00:00,277.5,11/20/2025 16:00:00,206.02,11/20/2025 16:00:00,33.62,11/21/2025 16:00:00,6602.99,11/21/2025 15:16:00,23.43
11/21/2025 16:00:00,178.88,11/24/2025 16:00:00,226.28,11/21/2025 16:00:00,966.57,12/3/2025 15:30:00,552000,11/21/2025 16:00:00,275.06,11/21/2025 16:00:00,203.78,11/21/2025 16:00:00,34.5,11/24/2025 16:00:00,6705.12,11/24/2025 15:16:00,20.52
11/24/2025 16:00:00,182.55,11/25/2025 16:00:00,229.67,11/24/2025 16:00:00,987.82,12/4/2025 15:30:00,542000,11/24/2025 16:00:00,284.64,11/24/2025 16:00:00,215.05,11/24/2025 16:00:00,35.79,11/25/2025 16:00:00,6765.88,11/25/2025 15:16:00,18.56
11/25/2025 16:00:00,177.82,11/26/2025 16:00:00,229.16,11/25/2025 16:00:00,1003.22,12/5/2025 15:30:00,544000,11/25/2025 16:00:00,284.68,11/25/2025 16:00:00,206.13,11/25/2025 16:00:00,35.83,11/26/2025 16:00:00,6812.61,11/26/2025 15:16:00,17.19
11/26/2025 16:00:00,180.26,11/28/2025 13:05:00,233.22,11/26/2025 16:00:00,1040.97,12/8/2025 15:30:00,577000,11/26/2025 16:00:00,289.96,11/26/2025 16:00:00,214.24,11/26/2025 16:00:00,36.81,11/28/2025 13:00:00,6849.09,11/28/2025 13:00:00,16.35
11/28/2025 13:05:00,177,12/1/2025 16:00:00,233.88,11/28/2025 13:05:00,1060,12/9/2025 15:30:00,566000,11/28/2025 13:00:00,291.51,11/28/2025 13:05:00,217.53,11/28/2025 13:05:00,40.56,12/1/2025 16:00:00,6812.63,12/1/2025 15:16:00,17.24
12/1/2025 16:00:00,179.92,12/2/2025 16:00:00,234.42,12/1/2025 16:00:00,1087.99,12/10/2025 15:30:00,587000,12/1/2025 16:00:00,287.68,12/1/2025 16:00:00,219.76,12/1/2025 16:00:00,40.01,12/2/2025 16:00:00,6829.37,12/2/2025 15:16:00,16.59
12/2/2025 16:00:00,181.46,12/3/2025 16:00:00,232.38,12/2/2025 16:00:00,1108.78,12/11/2025 15:30:00,565000,12/2/2025 16:00:00,292.09,12/2/2025 16:00:00,215.24,12/2/2025 16:00:00,43.47,12/3/2025 16:00:00,6849.72,12/3/2025 15:16:00,16.08
12/3/2025 16:00:00,179.59,12/4/2025 16:00:00,229.11,12/3/2025 16:00:00,1140.92,12/12/2025 15:30:00,571000,12/3/2025 16:00:00,295.45,12/3/2025 16:00:00,217.6,12/3/2025 16:00:00,43.76,12/4/2025 16:00:00,6857.12,12/4/2025 15:16:00,15.78
12/4/2025 16:00:00,183.38,12/5/2025 16:00:00,229.53,12/4/2025 16:00:00,1110.08,12/15/2025 15:30:00,554000,12/4/2025 16:00:00,292.93,12/4/2025 16:00:00,215.98,12/4/2025 16:00:00,40.5,12/5/2025 16:00:00,6870.4,12/5/2025 15:16:00,15.41
12/5/2025 16:00:00,182.41,12/8/2025 16:00:00,226.89,12/5/2025 16:00:00,1099.47,12/16/2025 15:30:00,530000,12/5/2025 16:00:00,294.72,12/5/2025 16:00:00,217.97,12/5/2025 16:00:00,41.41,12/8/2025 16:00:00,6846.51,12/8/2025 15:16:00,16.66
12/8/2025 16:00:00,185.55,12/9/2025 16:00:00,227.92,12/8/2025 16:00:00,1119.69,12/17/2025 15:30:00,551000,12/8/2025 16:00:00,301.87,12/8/2025 16:00:00,221.11,12/8/2025 16:00:00,40.3,12/9/2025 16:00:00,6840.51,12/9/2025 15:16:00,16.93
12/9/2025 16:00:00,184.97,12/10/2025 16:00:00,231.78,12/9/2025 16:00:00,1111.44,12/18/2025 15:30:00,552000,12/9/2025 16:00:00,303.41,12/9/2025 16:00:00,221.62,12/9/2025 16:00:00,40.5,12/10/2025 16:00:00,6886.68,12/10/2025 15:16:00,15.77
12/10/2025 16:00:00,183.78,12/11/2025 16:00:00,230.28,12/10/2025 16:00:00,1119.32,12/19/2025 15:30:00,547000,12/10/2025 16:00:00,310.14,12/10/2025 16:00:00,221.42,12/10/2025 16:00:00,40.78,12/11/2025 16:00:00,6901,12/11/2025 15:16:00,14.85
12/11/2025 16:00:00,180.93,12/12/2025 16:00:00,226.19,12/11/2025 16:00:00,1122.84,12/22/2025 15:30:00,580000,12/11/2025 16:00:00,304.85,12/11/2025 16:00:00,221.43,12/11/2025 16:00:00,39.51,12/12/2025 16:00:00,6827.41,12/12/2025 15:16:00,15.74
12/12/2025 16:00:00,175.02,12/15/2025 16:00:00,222.54,12/12/2025 16:00:00,1080.85,12/23/2025 15:30:00,584000,12/12/2025 16:00:00,292.04,12/12/2025 16:00:00,210.78,12/12/2025 16:00:00,37.81,12/15/2025 16:00:00,6816.51,12/15/2025 15:16:00,16.5
12/15/2025 16:00:00,176.29,12/16/2025 16:00:00,222.56,12/15/2025 16:00:00,1087.82,12/24/2025 15:30:00,588000,12/15/2025 16:00:00,287.74,12/15/2025 16:00:00,207.58,12/15/2025 16:00:00,37.51,12/16/2025 16:00:00,6800.26,12/16/2025 15:16:00,16.48
12/16/2025 16:00:00,177.72,12/17/2025 16:00:00,221.27,12/16/2025 16:00:00,1076.05,12/26/2025 15:30:00,599000,12/16/2025 16:00:00,286.87,12/16/2025 16:00:00,209.17,12/16/2025 16:00:00,37.31,12/17/2025 16:00:00,6721.43,12/17/2025 15:16:00,17.62
12/17/2025 16:00:00,170.94,12/18/2025 16:00:00,226.76,12/17/2025 16:00:00,1015.43,12/29/2025 15:30:00,640000,12/17/2025 16:00:00,276.96,12/17/2025 16:00:00,198.11,12/17/2025 16:00:00,36.05,12/18/2025 16:00:00,6774.76,12/18/2025 15:16:00,16.87
12/18/2025 16:00:00,174.14,12/19/2025 16:00:00,227.35,12/18/2025 16:00:00,1036.31,12/30/2025 15:30:00,651000,12/18/2025 16:00:00,284.68,12/18/2025 16:00:00,201.06,12/18/2025 16:00:00,36.28,12/19/2025 16:00:00,6834.5,12/19/2025 15:16:00,14.91
12/19/2025 16:00:00,180.99,12/22/2025 16:00:00,228.43,12/19/2025 16:00:00,1056.02,,,12/19/2025 16:00:00,288.95,12/19/2025 16:00:00,213.43,12/19/2025 16:00:00,36.82,12/22/2025 16:00:00,6878.49,12/22/2025 15:16:00,14.08
12/22/2025 16:00:00,183.69,12/23/2025 16:00:00,232.14,12/22/2025 16:00:00,1056.98,,,12/22/2025 16:00:00,293.28,12/22/2025 16:00:00,214.95,12/22/2025 16:00:00,36.37,12/23/2025 16:00:00,6909.79,12/23/2025 15:16:00,14
12/23/2025 16:00:00,189.21,12/24/2025 13:05:00,232.38,12/23/2025 16:00:00,1061.84,,,12/23/2025 16:00:00,296.95,12/23/2025 16:00:00,214.9,12/23/2025 16:00:00,36.35,12/24/2025 13:00:00,6932.05,12/24/2025 13:00:00,13.47
12/24/2025 13:05:00,188.61,12/26/2025 16:00:00,232.52,12/24/2025 13:05:00,1065.52,,,12/24/2025 13:00:00,298.8,12/24/2025 13:05:00,215.04,12/24/2025 13:05:00,36.16,12/26/2025 16:00:00,6929.94,12/26/2025 15:16:00,13.6
12/26/2025 16:00:00,190.53,12/29/2025 16:00:00,232.07,12/26/2025 16:00:00,1072.75,,,12/26/2025 16:00:00,302.84,12/26/2025 16:00:00,214.99,12/26/2025 16:00:00,36.2,12/29/2025 16:00:00,6905.74,12/29/2025 15:16:00,14.2
12/29/2025 16:00:00,188.22,12/30/2025 16:00:00,232.53,12/29/2025 16:00:00,1065.99,,,12/29/2025 16:00:00,300.92,12/29/2025 16:00:00,215.61,12/29/2025 16:00:00,36.68,12/30/2025 16:00:00,6896.24,12/30/2025 15:16:00,14.33
12/30/2025 16:00:00,187.54,12/31/2025 16:00:00,230.82,12/30/2025 16:00:00,1072.14,,,12/30/2025 16:00:00,299.58,12/30/2025 16:00:00,215.34,12/30/2025 16:00:00,37.3,12/31/2025 16:00:00,6845.5,12/31/2025 15:16:00,14.95
12/31/2025 16:00:00,186.5,,,12/31/2025 16:00:00,1069.86,,,12/31/2025 16:00:00,303.89,12/31/2025 16:00:00,214.16,12/31/2025 16:00:00,36.9,,,,